1,BY,"2020-02-28",1,0,0
2,BY,"2020-02-29",1,0,0
3,BY,"2020-03-01",2,0,0
4,BY,"2020-03-02",2,0,0
5,BY,"2020-03-04",6,0,0
6,BY,"2020-03-05",6,0,0
7,BY,"2020-03-06",6,0,0
8,BY,"2020-03-07",6,0,0
9,BY,"2020-03-08",6,0,0
10,BY,"2020-03-03",4,0,0
11,BY,"2020-04-01",163,41,2
12,BY,"2020-04-02",304,42,4
13,BY,"2020-04-03",351,42,4
14,BY,"2020-04-04",440,42,5
15,BY,"2020-04-05",562,52,8
16,BY,"2020-04-06",700,53,13
17,BY,"2020-04-07",861,54,13
18,BY,"2020-04-08",1066,77,13
19,BY,"2020-04-09",1486,139,16
20,BY,"2020-04-10",1981,169,19
21,BY,"2020-04-11",2226,172,23
22,BY,"2020-04-12",2578,203,26
23,BY,"2020-04-13",2919,203,29
24,BY,"2020-04-14",3281,203,33
25,BY,"2020-04-15",3728,203,36
26,BY,"2020-04-16",4204,203,40
27,BY,"2020-04-17",4779,342,42
28,BY,"2020-04-18",5297,458,45
29,BY,"2020-04-19",5807,494,47
30,BY,"2020-04-20",6264,514,51
31,BY,"2020-04-21",6723,577,55
32,BY,"2020-04-22",7281,769,58
33,BY,"2020-04-23",8022,938,60
34,BY,"2020-04-24",8773,1120,63
35,BY,"2020-04-25",9590,1573,67
36,BY,"2020-04-26",10463,1695,72
37,BY,"2020-04-27",11289,1740,75
38,BY,"2020-04-28",12208,1993,79
39,BY,"2020-04-29",13181,2072,84
40,BY,"2020-04-30",14027,2368,89
41,BY,"2020-03-09",9,0,0
42,BY,"2020-03-10",9,0,0
43,BY,"2020-03-11",12,0,0
44,BY,"2020-03-12",21,3,0
45,BY,"2020-03-13",27,3,0
46,BY,"2020-03-14",27,3,0
47,BY,"2020-03-15",27,3,0
48,BY,"2020-03-16",36,3,0
49,BY,"2020-03-17",36,3,0
50,BY,"2020-03-18",51,3,0
51,BY,"2020-03-19",51,5,0
52,BY,"2020-03-20",69,15,0
53,BY,"2020-03-21",76,15,0
54,BY,"2020-03-22",76,15,0
55,BY,"2020-03-23",81,15,0
56,BY,"2020-03-24",81,29,0
57,BY,"2020-03-25",86,29,0
58,BY,"2020-03-26",86,29,0
59,BY,"2020-03-27",94,32,0
60,BY,"2020-03-28",94,32,0
61,BY,"2020-03-29",94,32,0
62,BY,"2020-03-30",152,42,0
63,BY,"2020-03-31",152,42,1
64,BY,"2020-05-01",14917,2918,93
65,BY,"2020-05-02",15828,3117,97
66,BY,"2020-05-03",16705,3196,99
67,BY,"2020-05-04",17489,3259,103
68,BY,"2020-05-05",18350,3771,107
69,BY,"2020-05-06",19255,4388,112
70,BY,"2020-05-07",20168,5067,116
71,BY,"2020-05-08",21101,5484,121
72,BY,"2020-05-09",22052,6050,126
73,BY,"2020-05-10",22973,6406,131
74,BY,"2020-05-11",23906,6531,135
75,BY,"2020-05-12",24873,6974,142
76,BY,"2020-05-13",25825,7711,146
77,BY,"2020-05-14",26772,8168,151
78,BY,"2020-05-16",28681,9498,160
79,BY,"2020-05-17",29650,9932,165
80,BY,"2020-05-18",30572,10130,171
81,BY,"2020-05-15",27730,8807,156
82,BY,"2020-05-19",31508,10620,175
83,BY,"2020-05-20",32426,11415,179
84,BY,"2020-05-21",33371,12057,185
85,BY,"2020-05-22",34303,12833,190
86,BY,"2020-05-23",35244,13528,194
87,BY,"2020-05-24",36198,14155,199
88,BY,"2020-05-25",37144,14449,204
89,BY,"2020-05-26",38059,15086,208
90,BY,"2020-05-27",38956,15923,214
91,BY,"2020-05-28",39858,16660,219
92,BY,"2020-05-29",40764,17390,224
93,BY,"2020-05-30",41658,17964,229
94,BY,"2020-05-31",42556,18514,235
95,BY,"2020-06-01",43403,18776,240
96,BY,"2020-06-02",44255,19195,243
97,BY,"2020-06-03",45116,20171,248
98,BY,"2020-06-04",45981,21162,253
99,BY,"2020-06-05",46858,22066,259
100,BY,"2020-06-06",47751,23015,263
101,BY,"2020-06-07",48630,23647,269
102,BY,"2020-06-08",49453,23880,276
103,BY,"2020-06-09",50265,24506,282
104,BY,"2020-06-10",51066,25667,288
105,BY,"2020-06-11",51816,26643,293
106,BY,"2020-06-12",52520,27760,298
107,BY,"2020-06-13",53241,29111,303
108,BY,"2020-06-14",53973,30103,308
109,BY,"2020-06-15",54680,30420,312
110,BY,"2020-06-16",55369,31273,318
111,BY,"2020-06-17",56032,32735,324
112,BY,"2020-06-18",56657,34023,331
113,BY,"2020-06-20",57936,36749,343
114,BY,"2020-06-21",58505,37666,346
115,BY,"2020-06-22",59023,37923,351
116,BY,"2020-06-23",59487,38688,357
117,BY,"2020-06-24",59945,40136,362
118,BY,"2020-06-25",60382,41448,367
119,BY,"2020-06-26",60713,42689,373
120,BY,"2020-06-27",61095,44126,377
121,BY,"2020-06-28",61475,45027,383
122,BY,"2020-06-19",57333,35275,337
123,BY,"2020-06-29",61790,45213,387
124,BY,"2020-06-30",62118,46054,392
125,BY,"2020-07-01",62424,47553,398
126,BY,"2020-07-02",62698,48738,405
127,BY,"2020-07-03",62997,49909,412
128,BY,"2020-07-04",63270,50669,418
129,BY,"2020-07-05",63554,50871,423
130,RU,"2020-01-31",2,0,0
131,RU,"2020-02-01",2,0,0
132,RU,"2020-02-02",2,0,0
133,RU,"2020-02-03",2,0,0
134,RU,"2020-02-04",2,0,0
135,RU,"2020-02-05",2,0,0
136,RU,"2020-02-06",2,0,0
137,RU,"2020-02-07",2,0,0
138,RU,"2020-02-08",2,0,0
139,RU,"2020-02-09",2,0,0
140,RU,"2020-02-10",2,0,0
141,RU,"2020-02-11",2,0,0
142,RU,"2020-02-12",2,2,0
143,RU,"2020-02-13",2,2,0
144,RU,"2020-02-14",2,2,0
145,RU,"2020-02-15",2,2,0
146,RU,"2020-02-16",2,2,0
147,RU,"2020-02-17",2,2,0
148,RU,"2020-02-18",2,2,0
149,RU,"2020-02-19",2,2,0
150,RU,"2020-02-20",2,2,0
151,RU,"2020-02-21",2,2,0
152,RU,"2020-02-22",2,2,0
153,RU,"2020-02-23",2,2,0
154,RU,"2020-02-24",2,2,0
155,RU,"2020-02-25",2,2,0
156,RU,"2020-02-26",2,2,0
157,RU,"2020-02-27",2,2,0
158,RU,"2020-02-28",2,2,0
159,RU,"2020-02-29",2,2,0
160,RU,"2020-03-01",2,2,0
161,RU,"2020-03-02",3,2,0
162,RU,"2020-03-03",3,2,0
163,RU,"2020-03-04",3,2,0
164,RU,"2020-03-05",4,2,0
165,RU,"2020-03-06",13,2,0
166,RU,"2020-03-07",13,2,0
167,RU,"2020-03-08",17,3,0
168,RU,"2020-03-09",17,3,0
169,RU,"2020-03-10",20,3,0
170,RU,"2020-03-11",20,3,0
171,RU,"2020-03-12",28,3,0
172,RU,"2020-03-13",45,3,0
173,RU,"2020-03-14",59,8,0
174,RU,"2020-03-15",63,8,0
175,RU,"2020-03-16",90,8,0
176,RU,"2020-03-17",114,8,0
177,RU,"2020-03-18",147,8,0
178,RU,"2020-03-19",199,9,0
179,RU,"2020-03-20",253,9,1
180,RU,"2020-03-21",306,12,1
181,RU,"2020-03-22",367,16,1
182,RU,"2020-03-23",438,17,1
183,RU,"2020-03-24",495,22,1
184,RU,"2020-03-25",658,29,3
185,RU,"2020-03-26",840,38,3
186,RU,"2020-03-27",1036,45,4
187,RU,"2020-03-28",1264,49,4
188,RU,"2020-03-29",1534,64,8
189,RU,"2020-03-30",1836,66,9
190,RU,"2020-03-31",2337,121,17
191,RU,"2020-04-01",2777,190,24
192,RU,"2020-04-02",3548,235,30
193,RU,"2020-04-03",4149,281,34
194,RU,"2020-04-04",4731,333,43
195,RU,"2020-04-05",5389,355,45
196,RU,"2020-04-06",6343,406,47
197,RU,"2020-04-07",7497,494,58
198,RU,"2020-04-08",8672,580,63
199,RU,"2020-04-09",10131,698,76
200,RU,"2020-04-10",11917,795,94
201,RU,"2020-04-11",13584,1045,106
202,RU,"2020-04-12",15770,1291,130
203,RU,"2020-04-13",18328,1470,148
204,RU,"2020-04-14",21102,1694,170
205,RU,"2020-04-15",24490,1986,198
206,RU,"2020-04-16",27938,2304,232
207,RU,"2020-04-17",32008,2590,273
208,RU,"2020-04-18",36793,3057,313
209,RU,"2020-04-19",42853,3291,361
210,RU,"2020-04-20",47121,3446,405
211,RU,"2020-04-21",52863,3873,456
212,RU,"2020-04-22",57899,4420,513
213,RU,"2020-04-23",62773,4891,555
214,RU,"2020-04-24",68622,5568,615
215,RU,"2020-04-25",74588,6250,681
216,RU,"2020-04-26",80949,6767,747
217,RU,"2020-04-27",87147,7348,794
218,RU,"2020-04-28",93558,8456,867
219,RU,"2020-04-29",99399,10286,972
220,RU,"2020-04-30",106498,11619,1073
221,RU,"2020-05-01",114431,13220,1169
222,RU,"2020-05-02",124054,15013,1222
223,RU,"2020-05-03",134687,16639,1280
224,RU,"2020-05-04",145268,18095,1356
225,RU,"2020-05-05",155570,19865,1451
226,RU,"2020-05-06",165929,21327,1537
227,RU,"2020-05-07",177160,23803,1625
228,RU,"2020-05-08",187859,26608,1723
229,RU,"2020-05-09",198676,31916,1827
230,RU,"2020-05-10",209688,34306,1915
231,RU,"2020-05-11",221344,39801,2009
232,RU,"2020-05-12",232243,43512,2116
233,RU,"2020-05-13",242271,48003,2212
234,RU,"2020-05-14",252245,53530,2305
235,RU,"2020-05-15",262843,58226,2418
236,RU,"2020-05-16",272043,63166,2537
237,RU,"2020-05-17",281752,67373,2631
238,RU,"2020-05-18",290678,70209,2722
239,RU,"2020-05-19",299941,76130,2837
240,RU,"2020-05-20",308705,85392,2972
241,RU,"2020-05-21",317554,92681,3099
242,RU,"2020-05-22",325448,99825,3249
243,RU,"2020-05-23",335882,107936,3388
244,RU,"2020-05-24",344481,113299,3541
245,RU,"2020-05-25",353827,118798,3633
246,RU,"2020-05-26",362342,131129,3807
247,RU,"2020-05-27",370480,142208,3968
248,RU,"2020-05-28",379051,150993,4142
249,RU,"2020-05-29",387623,159257,4374
250,RU,"2020-05-30",396575,167469,4555
251,RU,"2020-05-31",405843,171883,4693
252,RU,"2020-06-01",414878,175877,4855
253,RU,"2020-06-02",423741,186985,5037
254,RU,"2020-06-03",432277,195957,5215
255,RU,"2020-06-04",441108,204623,5384
256,RU,"2020-06-05",449834,212680,5528
257,RU,"2020-06-06",458689,221388,5725
258,RU,"2020-06-07",467673,226731,5859
259,RU,"2020-06-08",476658,230688,5971
260,RU,"2020-06-09",485253,242397,6142
261,RU,"2020-06-10",493657,252783,6358
262,RU,"2020-06-11",502436,261150,6532
263,RU,"2020-06-12",511423,269370,6715
264,RU,"2020-06-13",520129,274641,6829
265,RU,"2020-06-14",528964,280050,6948
266,RU,"2020-06-15",537210,284539,7091
267,RU,"2020-06-16",545458,294306,7284
268,RU,"2020-06-17",553301,304342,7478
269,RU,"2020-06-18",561091,313963,7660
270,RU,"2020-06-19",569063,324406,7841
271,RU,"2020-06-20",576952,334592,8002
272,RU,"2020-06-21",584680,339711,8111
273,RU,"2020-06-22",592280,344416,8206
274,RU,"2020-06-23",599705,356429,8359
275,RU,"2020-06-24",606881,368822,8513
276,RU,"2020-06-25",613994,375164,8605
277,RU,"2020-06-26",620794,384152,8781
278,RU,"2020-06-27",627646,393352,8969
279,RU,"2020-06-28",634437,399087,9073
280,RU,"2020-06-29",641156,403430,9166
281,RU,"2020-06-30",647849,412650,9320
282,RU,"2020-07-01",654405,422931,9536
283,RU,"2020-07-02",661155,428978,9683
284,RU,"2020-07-03",667883,437893,9859
285,RU,"2020-07-04",674515,446879,10027
286,RU,"2020-07-05",681251,450750,10161
287,RU,"2020-07-06",687862,454329,10296
288,UA,"2020-03-03",1,0,0
289,UA,"2020-03-04",1,0,0
290,UA,"2020-03-05",1,0,0
291,UA,"2020-03-06",1,0,0
292,UA,"2020-03-07",1,0,0
293,UA,"2020-03-08",1,0,0
294,UA,"2020-03-09",1,0,0
295,UA,"2020-03-10",1,0,0
296,UA,"2020-03-11",1,0,0
297,UA,"2020-03-12",1,0,0
298,UA,"2020-03-13",3,0,1
299,UA,"2020-03-14",3,0,1
300,UA,"2020-03-15",3,0,1
301,UA,"2020-03-16",7,0,1
302,UA,"2020-03-17",14,0,2
303,UA,"2020-03-18",14,0,2
304,UA,"2020-03-19",16,0,2
305,UA,"2020-03-20",29,0,3
306,UA,"2020-03-21",47,1,3
307,UA,"2020-03-22",73,1,3
308,UA,"2020-03-23",73,1,3
309,UA,"2020-03-24",97,1,3
310,UA,"2020-03-25",145,1,5
311,UA,"2020-03-26",196,1,5
312,UA,"2020-03-27",310,5,5
313,UA,"2020-03-28",356,5,9
314,UA,"2020-03-29",475,6,10
315,UA,"2020-03-30",548,8,13
316,UA,"2020-03-31",645,10,17
317,UA,"2020-04-01",794,13,20
318,UA,"2020-04-02",897,19,22
319,UA,"2020-04-03",1072,22,27
320,UA,"2020-04-04",1225,25,32
321,UA,"2020-04-05",1308,28,37
322,UA,"2020-04-06",1319,28,38
323,UA,"2020-04-07",1462,28,45
324,UA,"2020-04-08",1668,35,52
325,UA,"2020-04-09",1892,45,57
326,UA,"2020-04-10",2203,61,69
327,UA,"2020-04-11",2511,79,73
328,UA,"2020-04-12",2777,89,83
329,UA,"2020-04-13",3102,97,93
330,UA,"2020-04-14",3372,119,98
331,UA,"2020-04-15",3764,143,103
332,UA,"2020-04-16",4161,186,116
333,UA,"2020-04-17",4662,246,125
334,UA,"2020-04-18",5106,275,133
335,UA,"2020-04-19",5449,347,141
336,UA,"2020-04-20",5710,359,151
337,UA,"2020-04-21",6125,367,161
338,UA,"2020-04-22",6592,424,174
339,UA,"2020-04-23",7170,504,187
340,UA,"2020-04-24",8125,782,201
341,UA,"2020-04-25",8125,782,201
342,UA,"2020-04-26",8617,840,209
343,UA,"2020-04-27",9009,864,220
344,UA,"2020-04-28",9410,992,239
345,UA,"2020-04-29",9866,1103,250
346,UA,"2020-04-30",10406,1238,261
347,UA,"2020-05-01",10861,1413,271
348,UA,"2020-05-02",11411,1498,279
349,UA,"2020-05-03",11913,1548,288
350,UA,"2020-05-04",12331,1619,303
351,UA,"2020-05-05",12697,1875,316
352,UA,"2020-05-06",13184,2097,327
353,UA,"2020-05-07",13691,2396,340
354,UA,"2020-05-08",14195,2706,361
355,UA,"2020-05-09",14710,2909,376
356,UA,"2020-05-10",15232,3060,391
357,UA,"2020-05-11",15648,3288,408
358,UA,"2020-05-12",16023,3373,425
359,UA,"2020-05-13",16425,3716,439
360,UA,"2020-05-14",16847,4143,456
361,UA,"2020-05-15",17330,4473,476
362,UA,"2020-05-16",17858,4906,497
363,UA,"2020-05-17",18291,5116,514
364,UA,"2020-05-18",18291,5276,535
365,UA,"2020-05-19",18616,5632,548
366,UA,"2020-05-20",19230,5995,564
367,UA,"2020-05-21",19706,6227,579
368,UA,"2020-05-22",20148,6588,588
369,UA,"2020-05-23",20580,6929,605
370,UA,"2020-05-24",20986,7108,617
371,UA,"2020-05-25",21245,7234,623
372,UA,"2020-05-26",21584,7575,644
373,UA,"2020-05-27",21905,7995,658
374,UA,"2020-05-28",22382,8439,669
375,UA,"2020-05-29",22811,8934,679
376,UA,"2020-05-30",23204,9311,696
377,UA,"2020-05-31",23672,9538,708
378,UA,"2020-06-01",24012,9690,718
379,UA,"2020-06-02",24340,10078,727
380,UA,"2020-06-03",24823,10440,735
381,UA,"2020-06-04",25411,11042,747
382,UA,"2020-06-05",25964,11372,762
383,UA,"2020-06-06",26514,11812,777
384,UA,"2020-06-08",27462,12195,797
385,UA,"2020-06-09",27856,12412,810
386,UA,"2020-06-10",28381,12769,833
387,UA,"2020-06-11",29070,13141,854
388,UA,"2020-06-12",29753,13567,870
389,UA,"2020-06-13",30506,13976,880
390,UA,"2020-06-14",31154,14082,889
391,UA,"2020-06-15",31810,14253,901
392,UA,"2020-06-16",32456,14528,912
393,UA,"2020-06-17",33234,14943,943
394,UA,"2020-06-18",34063,15447,966
395,UA,"2020-06-19",34984,16033,985
396,UA,"2020-06-20",35825,16406,984
397,UA,"2020-06-21",36560,16509,1002
398,UA,"2020-06-22",37241,16642,1012
399,UA,"2020-06-23",38074,16956,1035
400,UA,"2020-06-24",39014,17409,1051
401,UA,"2020-06-25",40008,17758,1067
402,UA,"2020-06-26",41117,18299,1086
403,UA,"2020-06-27",42065,18701,1110
404,UA,"2020-06-28",42984,18934,1129
405,UA,"2020-06-29",43628,19027,1147
406,UA,"2020-06-30",44334,19115,1159
407,UA,"2020-07-01",44998,19548,1173
408,UA,"2020-07-02",45887,20053,1185
409,UA,"2020-07-03",46763,20558,1212
410,UA,"2020-07-04",47677,21155,1227
411,UA,"2020-07-05",48500,21376,1249
412,UA,"2020-07-06",49043,21703,1262
413,UA,"2020-06-07",26999,12054,788
414,PL,"2020-03-04",1,0,0
415,PL,"2020-03-05",1,0,0
416,PL,"2020-03-06",5,0,0
417,PL,"2020-03-07",5,0,0
418,PL,"2020-03-08",11,0,0
419,PL,"2020-03-09",16,0,0
420,PL,"2020-03-10",22,0,0
421,PL,"2020-03-11",31,0,0
422,PL,"2020-03-12",49,0,1
423,PL,"2020-03-13",68,0,2
424,PL,"2020-03-14",103,0,3
425,PL,"2020-03-15",119,0,3
426,PL,"2020-03-16",177,13,4
427,PL,"2020-03-17",238,13,5
428,PL,"2020-03-18",251,13,5
429,PL,"2020-03-19",355,13,5
430,PL,"2020-03-20",425,13,5
431,PL,"2020-03-21",536,13,5
432,PL,"2020-03-22",634,13,7
433,PL,"2020-03-23",749,13,8
434,PL,"2020-03-24",901,13,10
435,PL,"2020-03-25",1051,13,14
436,PL,"2020-03-26",1221,13,16
437,PL,"2020-03-27",1389,13,16
438,PL,"2020-03-28",1638,13,18
439,PL,"2020-03-29",1862,13,22
440,PL,"2020-03-30",2055,13,31
441,PL,"2020-03-31",2311,13,33
442,PL,"2020-04-01",2554,47,43
443,PL,"2020-04-02",2946,56,57
444,PL,"2020-04-03",3383,56,71
445,PL,"2020-04-04",3627,116,79
446,PL,"2020-04-05",4102,134,94
447,PL,"2020-04-06",4413,162,107
448,PL,"2020-04-07",4848,191,129
449,PL,"2020-04-08",5205,222,159
450,PL,"2020-04-09",5575,284,174
451,PL,"2020-04-10",5955,318,181
452,PL,"2020-04-11",6356,375,208
453,PL,"2020-04-12",6674,439,232
454,PL,"2020-04-13",6934,487,245
455,PL,"2020-04-14",7202,618,263
456,PL,"2020-04-15",7582,668,286
457,PL,"2020-04-16",7918,774,314
458,PL,"2020-04-17",8379,866,332
459,PL,"2020-04-18",8742,981,347
460,PL,"2020-04-19",9287,1040,360
461,PL,"2020-04-20",9593,1133,380
462,PL,"2020-04-21",9856,1297,401
463,PL,"2020-04-22",10169,1513,426
464,PL,"2020-04-23",10511,1740,454
465,PL,"2020-04-24",10892,1944,496
466,PL,"2020-04-25",11273,2126,524
467,PL,"2020-04-26",11617,2265,535
468,PL,"2020-04-27",11902,2466,562
469,PL,"2020-04-28",12218,2655,594
470,PL,"2020-04-29",12640,3025,624
471,PL,"2020-04-30",12877,3236,644
472,PL,"2020-05-01",13105,3491,651
473,PL,"2020-05-02",13375,3762,664
474,PL,"2020-05-03",13693,3945,678
475,PL,"2020-05-04",14006,4095,698
476,PL,"2020-05-05",14431,4280,715
477,PL,"2020-05-06",14740,4655,733
478,PL,"2020-05-07",15047,4862,755
479,PL,"2020-05-08",15366,5184,776
480,PL,"2020-05-09",15651,5437,785
481,PL,"2020-05-10",15996,5698,800
482,PL,"2020-05-11",16326,5816,811
483,PL,"2020-05-12",16921,6131,839
484,PL,"2020-05-13",17204,6410,861
485,PL,"2020-05-14",17615,6696,883
486,PL,"2020-05-15",18016,6918,907
487,PL,"2020-05-16",18257,7175,915
488,PL,"2020-05-18",18885,7628,936
489,PL,"2020-05-19",19268,7903,948
490,PL,"2020-05-20",19739,8183,962
491,PL,"2020-05-21",20143,8452,972
492,PL,"2020-05-22",20619,8731,982
493,PL,"2020-05-23",20931,8977,993
494,PL,"2020-05-24",21326,9194,996
495,PL,"2020-05-25",21631,9276,1007
496,PL,"2020-05-26",22074,10020,1024
497,PL,"2020-05-27",22473,10330,1028
498,PL,"2020-05-28",22825,10560,1038
499,PL,"2020-05-29",23155,10692,1051
500,PL,"2020-05-30",23571,11016,1061
501,PL,"2020-05-31",23786,11271,1064
502,PL,"2020-06-01",24165,11449,1074
503,PL,"2020-06-02",24395,11726,1092
504,PL,"2020-06-03",24687,12014,1115
505,PL,"2020-06-04",25048,12227,1117
506,PL,"2020-06-05",25410,12410,1137
507,PL,"2020-06-06",25986,12641,1153
508,PL,"2020-06-07",26561,12855,1157
509,PL,"2020-06-08",27160,12998,1166
510,PL,"2020-06-09",27560,13196,1183
511,PL,"2020-06-10",27842,13411,1206
512,PL,"2020-06-11",28201,13696,1215
513,PL,"2020-06-12",28577,13805,1222
514,PL,"2020-06-13",29017,14104,1237
515,PL,"2020-06-14",29392,14226,1247
516,PL,"2020-06-15",29788,14383,1256
517,PL,"2020-06-16",30195,14654,1272
518,PL,"2020-06-17",30701,14921,1286
519,PL,"2020-06-18",31015,15317,1316
520,PL,"2020-06-19",31316,15698,1334
521,PL,"2020-06-20",31620,16181,1346
522,PL,"2020-06-21",31931,16683,1356
523,PL,"2020-06-22",32227,17076,1359
524,PL,"2020-06-23",32527,17573,1375
525,PL,"2020-06-24",32821,18134,1396
526,PL,"2020-06-25",33119,18754,1412
527,PL,"2020-06-26",33395,19218,1429
528,PL,"2020-06-27",33714,19972,1435
529,PL,"2020-06-28",33907,20548,1438
530,PL,"2020-06-29",34154,20897,1444
531,PL,"2020-06-30",34393,21281,1463
532,PL,"2020-07-01",34775,21791,1477
533,PL,"2020-07-02",35146,22209,1492
534,PL,"2020-07-03",35405,22651,1507
535,PL,"2020-07-04",35719,23127,1512
536,PL,"2020-07-05",35950,23746,1517
537,PL,"2020-07-06",36155,23966,1521
538,PL,"2020-05-17",18529,7451,925
539,LT,"2020-02-28",1,0,0
540,LT,"2020-02-29",1,0,0
541,LT,"2020-03-01",1,0,0
542,LT,"2020-03-02",1,0,0
543,LT,"2020-03-03",1,0,0
544,LT,"2020-03-04",1,0,0
545,LT,"2020-03-05",1,0,0
546,LT,"2020-03-06",1,0,0
547,LT,"2020-03-07",1,0,0
548,LT,"2020-03-08",1,0,0
549,LT,"2020-03-09",1,0,0
550,LT,"2020-03-10",1,0,0
551,LT,"2020-03-11",3,0,0
552,LT,"2020-03-12",3,0,0
553,LT,"2020-03-13",6,0,0
554,LT,"2020-03-14",8,0,0
555,LT,"2020-03-15",12,1,0
556,LT,"2020-03-16",17,1,0
557,LT,"2020-03-17",25,1,0
558,LT,"2020-03-18",27,1,0
559,LT,"2020-03-19",36,1,0
560,LT,"2020-03-20",49,1,0
561,LT,"2020-03-21",83,1,1
562,LT,"2020-03-22",131,1,1
563,LT,"2020-03-23",179,1,1
564,LT,"2020-03-24",209,1,2
565,LT,"2020-03-25",274,1,4
566,LT,"2020-03-26",299,1,4
567,LT,"2020-03-27",358,1,5
568,LT,"2020-03-28",394,1,7
569,LT,"2020-03-29",460,1,7
570,LT,"2020-03-30",491,7,7
571,LT,"2020-03-31",537,7,8
572,LT,"2020-04-01",581,7,8
573,LT,"2020-04-02",649,7,9
574,LT,"2020-04-03",696,7,9
575,LT,"2020-04-04",771,7,11
576,LT,"2020-04-05",811,7,13
577,LT,"2020-04-06",843,7,15
578,LT,"2020-04-07",880,7,15
579,LT,"2020-04-08",912,7,15
580,LT,"2020-04-09",955,7,16
581,LT,"2020-04-10",999,54,22
582,LT,"2020-04-11",1026,54,23
583,LT,"2020-04-12",1053,97,23
584,LT,"2020-04-13",1062,101,24
585,LT,"2020-04-14",1070,101,29
586,LT,"2020-04-15",1091,138,30
587,LT,"2020-04-16",1128,178,32
588,LT,"2020-04-17",1149,210,33
589,LT,"2020-04-18",1239,228,33
590,LT,"2020-04-19",1298,242,35
591,LT,"2020-04-20",1326,242,37
592,LT,"2020-04-21",1350,298,38
593,LT,"2020-04-22",1370,357,38
594,LT,"2020-04-23",1398,399,40
595,LT,"2020-04-24",1410,430,40
596,LT,"2020-04-25",1426,460,41
597,LT,"2020-04-26",1438,467,41
598,LT,"2020-04-27",1449,474,41
599,LT,"2020-04-28",1344,536,44
600,LT,"2020-04-29",1375,563,45
601,LT,"2020-04-30",1385,589,45
602,LT,"2020-05-01",1399,594,45
603,LT,"2020-05-02",1406,632,46
604,LT,"2020-05-03",1410,635,46
605,LT,"2020-05-04",1419,638,46
606,LT,"2020-05-05",1423,678,46
607,LT,"2020-05-06",1428,718,49
608,LT,"2020-05-07",1433,739,49
609,LT,"2020-05-08",1436,765,49
610,LT,"2020-05-09",1444,828,49
611,LT,"2020-05-10",1479,828,50
612,LT,"2020-05-11",1485,833,50
613,LT,"2020-05-12",1491,850,50
614,LT,"2020-05-13",1505,898,54
615,LT,"2020-05-14",1511,934,54
616,LT,"2020-05-15",1523,965,54
617,LT,"2020-05-16",1534,988,55
618,LT,"2020-05-17",1541,997,56
619,LT,"2020-05-18",1547,997,59
620,LT,"2020-05-19",1561,1025,60
621,LT,"2020-05-20",1577,1049,60
622,LT,"2020-05-21",1593,1049,61
623,LT,"2020-05-22",1604,1111,61
624,LT,"2020-05-23",1616,1135,63
625,LT,"2020-05-24",1623,1138,63
626,LT,"2020-05-25",1635,1138,63
627,LT,"2020-05-26",1639,1165,65
628,LT,"2020-05-27",1647,1184,66
629,LT,"2020-05-28",1656,1193,68
630,LT,"2020-05-29",1662,1216,68
631,LT,"2020-05-30",1670,1229,70
632,LT,"2020-05-31",1675,1236,70
633,LT,"2020-06-01",1678,1236,70
634,LT,"2020-06-02",1682,1260,71
635,LT,"2020-06-03",1684,1260,71
636,LT,"2020-06-04",1687,1273,71
637,LT,"2020-06-05",1694,1302,71
638,LT,"2020-06-06",1705,1321,71
639,LT,"2020-06-07",1714,1328,71
640,LT,"2020-06-08",1720,1331,71
641,LT,"2020-06-09",1727,1338,72
642,LT,"2020-06-10",1733,1369,74
643,LT,"2020-06-11",1752,1372,74
644,LT,"2020-06-12",1756,1400,74
645,LT,"2020-06-13",1763,1416,75
646,LT,"2020-06-14",1768,1427,75
647,LT,"2020-06-15",1773,1429,76
648,LT,"2020-06-16",1776,1441,76
649,LT,"2020-06-17",1778,1447,76
650,LT,"2020-06-18",1784,1449,76
651,LT,"2020-06-19",1792,1462,76
652,LT,"2020-06-20",1795,1470,76
653,LT,"2020-06-21",1798,1475,76
654,LT,"2020-06-22",1801,1475,76
655,LT,"2020-06-23",1801,1483,77
656,LT,"2020-06-24",1804,1484,78
657,LT,"2020-06-25",1806,1494,78
658,LT,"2020-06-26",1808,1501,78
659,LT,"2020-06-27",1813,1503,78
660,LT,"2020-06-28",1815,1503,78
661,LT,"2020-06-29",1816,1512,78
662,LT,"2020-06-30",1817,1515,78
663,LT,"2020-07-01",1818,1524,78
664,LT,"2020-07-02",1825,1536,78
665,LT,"2020-07-03",1828,1539,79
666,LT,"2020-07-04",1831,1545,79
667,LT,"2020-07-05",1836,1545,79
668,LT,"2020-07-06",1841,1547,79
669,LV,"2020-03-02",1,0,0
670,LV,"2020-03-03",1,0,0
671,LV,"2020-03-04",1,0,0
672,LV,"2020-03-05",1,0,0
673,LV,"2020-03-06",1,0,0
674,LV,"2020-03-07",1,0,0
675,LV,"2020-03-08",2,0,0
676,LV,"2020-03-09",6,0,0
677,LV,"2020-03-10",8,1,0
678,LV,"2020-03-11",10,1,0
679,LV,"2020-03-12",10,1,0
680,LV,"2020-03-13",17,1,0
681,LV,"2020-03-14",26,1,0
682,LV,"2020-03-15",30,1,0
683,LV,"2020-03-16",34,1,0
684,LV,"2020-03-17",49,1,0
685,LV,"2020-03-18",71,1,0
686,LV,"2020-03-19",86,1,0
687,LV,"2020-03-20",111,1,0
688,LV,"2020-03-21",124,1,0
689,LV,"2020-03-22",139,1,0
690,LV,"2020-03-23",180,1,0
691,LV,"2020-03-24",197,1,0
692,LV,"2020-03-25",221,1,0
693,LV,"2020-03-26",244,1,0
694,LV,"2020-03-27",280,1,0
695,LV,"2020-03-28",305,1,0
696,LV,"2020-03-29",347,1,0
697,LV,"2020-03-30",376,1,0
698,LV,"2020-03-31",398,1,0
699,LV,"2020-04-01",446,1,0
700,LV,"2020-04-03",493,1,1
701,LV,"2020-04-04",509,1,1
702,LV,"2020-04-05",533,1,1
703,LV,"2020-04-06",542,16,1
704,LV,"2020-04-07",548,16,2
705,LV,"2020-04-08",577,16,2
706,LV,"2020-04-09",589,16,3
707,LV,"2020-04-10",612,16,3
708,LV,"2020-04-11",630,16,3
709,LV,"2020-04-12",651,16,5
710,LV,"2020-04-13",655,16,5
711,LV,"2020-04-14",657,16,5
712,LV,"2020-04-15",666,44,5
713,LV,"2020-04-16",675,57,5
714,LV,"2020-04-17",682,88,5
715,LV,"2020-04-18",712,88,5
716,LV,"2020-04-19",727,88,5
717,LV,"2020-04-20",739,88,5
718,LV,"2020-04-21",748,133,9
719,LV,"2020-04-22",761,133,11
720,LV,"2020-04-23",778,133,11
721,LV,"2020-04-24",784,267,12
722,LV,"2020-04-25",804,267,12
723,LV,"2020-04-26",812,267,12
724,LV,"2020-04-27",818,267,13
725,LV,"2020-04-28",836,267,13
726,LV,"2020-04-29",849,348,15
727,LV,"2020-04-30",858,348,15
728,LV,"2020-05-01",870,348,16
729,LV,"2020-05-02",871,348,16
730,LV,"2020-05-03",879,348,16
731,LV,"2020-05-04",896,348,16
732,LV,"2020-05-05",896,348,17
733,LV,"2020-05-06",900,464,17
734,LV,"2020-05-07",909,464,18
735,LV,"2020-05-08",928,464,18
736,LV,"2020-05-09",930,464,18
737,LV,"2020-05-10",939,464,18
738,LV,"2020-05-11",946,464,18
739,LV,"2020-05-12",950,627,18
740,LV,"2020-05-13",951,627,19
741,LV,"2020-05-14",962,627,19
742,LV,"2020-05-15",970,662,19
743,LV,"2020-05-16",997,662,19
744,LV,"2020-05-17",1008,662,19
745,LV,"2020-05-18",1009,662,19
746,LV,"2020-05-19",1012,694,21
747,LV,"2020-05-20",1016,694,21
748,LV,"2020-05-21",1025,694,22
749,LV,"2020-05-22",1030,712,22
750,LV,"2020-05-23",1046,712,22
751,LV,"2020-05-24",1047,712,22
752,LV,"2020-05-25",1049,712,22
753,LV,"2020-05-26",1053,741,22
754,LV,"2020-05-27",1057,741,23
755,LV,"2020-05-28",1061,741,24
756,LV,"2020-05-29",1064,745,24
757,LV,"2020-05-30",1065,745,24
758,LV,"2020-05-31",1066,745,24
759,LV,"2020-06-01",1066,745,24
760,LV,"2020-06-02",1071,760,24
761,LV,"2020-06-03",1079,760,24
762,LV,"2020-06-04",1082,760,25
763,LV,"2020-06-05",1085,781,25
764,LV,"2020-06-06",1086,781,25
765,LV,"2020-06-07",1088,781,25
766,LV,"2020-06-08",1088,781,26
767,LV,"2020-06-09",1089,794,26
768,LV,"2020-06-10",1092,794,26
769,LV,"2020-06-11",1094,818,26
770,LV,"2020-06-12",1096,818,27
771,LV,"2020-06-13",1097,845,28
772,LV,"2020-06-14",1097,845,28
773,LV,"2020-06-15",1097,845,28
774,LV,"2020-06-16",1098,875,30
775,LV,"2020-06-17",1104,875,30
776,LV,"2020-06-18",1108,903,30
777,LV,"2020-06-19",1110,903,30
778,LV,"2020-06-20",1111,903,30
779,LV,"2020-06-21",1111,903,30
780,LV,"2020-06-22",1111,903,30
781,LV,"2020-06-23",1111,903,30
782,LV,"2020-06-24",1111,903,30
783,LV,"2020-06-25",1111,903,30
784,LV,"2020-06-26",1112,932,30
785,LV,"2020-06-27",1115,932,30
786,LV,"2020-06-28",1116,932,30
787,LV,"2020-06-29",1117,932,30
788,LV,"2020-06-30",1118,974,30
789,LV,"2020-07-01",1121,974,30
790,LV,"2020-07-02",1122,988,30
791,LV,"2020-07-03",1122,997,30
792,LV,"2020-07-04",1123,1000,30
793,LV,"2020-07-05",1124,1000,30
794,LV,"2020-07-06",1127,1000,30
795,LV,"2020-04-02",458,1,0
796,BY,"2020-07-06",63804,51120,429
797,BY,"2020-07-07",64003,51902,436
798,BY,"2020-07-08",64224,52854,443
799,BY,"2020-07-09",64411,53609,449
800,BY,"2020-07-10",64604,54254,454
801,BY,"2020-07-11",64767,54919,459
802,BY,"2020-07-12",64932,55380,464
803,BY,"2020-07-13",65114,55492,468
804,BY,"2020-07-14",65269,55799,474
805,RU,"2020-07-07",694230,464880,10494
806,RU,"2020-07-08",700792,472511,10667
807,RU,"2020-07-09",707301,481316,10843
808,RU,"2020-07-10",713936,489068,11017
809,RU,"2020-07-11",720547,497446,11205
810,RU,"2020-07-12",727162,501061,11335
811,RU,"2020-07-13",733699,504021,11439
812,RU,"2020-07-14",739947,512825,11614
813,UA,"2020-07-07",49607,22193,1283
814,UA,"2020-07-08",50414,23119,1306
815,UA,"2020-07-09",51224,23784,1327
816,UA,"2020-07-10",52043,24800,1345
817,UA,"2020-07-11",52843,25661,1372
818,UA,"2020-07-12",53521,26118,1383
819,UA,"2020-07-13",54133,26503,1398
820,UA,"2020-07-14",54771,27154,1412
821,PL,"2020-07-07",36412,24238,1528
822,PL,"2020-07-08",36689,24878,1542
823,PL,"2020-07-09",36951,25477,1551
824,PL,"2020-07-10",37216,26048,1562
825,PL,"2020-07-11",37521,26635,1568
826,PL,"2020-07-12",37891,27148,1571
827,PL,"2020-07-13",38190,27516,1576
828,PL,"2020-07-14",38457,27756,1588
829,LT,"2020-07-07",1844,1547,79
830,LT,"2020-07-08",1854,1552,79
831,LT,"2020-07-09",1857,1554,79
832,LT,"2020-07-10",1861,1569,79
833,LT,"2020-07-11",1865,1579,79
834,LT,"2020-07-12",1869,1571,79
835,LT,"2020-07-13",1874,1571,79
836,LT,"2020-07-14",1875,1571,79
837,LV,"2020-07-07",1134,1008,30
838,LV,"2020-07-08",1141,1008,30
839,LV,"2020-07-09",1154,1019,30
840,LV,"2020-07-10",1165,1019,30
841,LV,"2020-07-11",1173,1019,30
842,LV,"2020-07-12",1173,1019,30
843,LV,"2020-07-13",1174,1019,31
844,BY,"2020-07-15",65443,56379,480
845,BY,"2020-07-16",65623,56915,485
846,BY,"2020-07-17",65782,57370,491
847,BY,"2020-07-18",65953,57856,495
848,BY,"2020-07-19",66095,58204,499
849,BY,"2020-07-20",66213,58290,503
850,BY,"2020-07-21",66348,58592,507
851,BY,"2020-07-22",66521,59061,513
852,BY,"2020-07-23",66688,59439,519
853,BY,"2020-07-24",66846,59755,524
854,BY,"2020-07-25",67002,60092,530
855,BY,"2020-07-26",67132,60425,534
856,BY,"2020-07-27",67251,60492,538
857,RU,"2020-07-15",746369,523249,11770
858,RU,"2020-07-16",752797,531692,11937
859,RU,"2020-07-17",759203,539373,12123
860,RU,"2020-07-18",765437,546863,12247
861,RU,"2020-07-19",771546,550344,12342
862,RU,"2020-07-20",777486,553602,12427
863,RU,"2020-07-21",783328,562384,12580
864,RU,"2020-07-22",789190,572053,12745
865,RU,"2020-07-23",795038,580330,13892
866,RU,"2020-07-24",800849,588774,13046
867,RU,"2020-07-25",806720,597140,13192
868,RU,"2020-07-26",812485,600250,13269
869,RU,"2020-07-27",818120,603329,13354
870,UA,"2020-07-15",55607,28131,1427
871,UA,"2020-07-16",56455,28931,1445
872,UA,"2020-07-17",57264,29769,1456
873,UA,"2020-07-18",58111,30525,1477
874,UA,"2020-07-19",58842,30879,1485
875,UA,"2020-07-20",59493,31439,1498
876,UA,"2020-07-21",60166,32199,1518
877,UA,"2020-07-22",60995,33172,1534
878,UA,"2020-07-23",61851,34000,1551
879,UA,"2020-07-24",62823,34886,1571
880,UA,"2020-07-25",63929,35497,1590
881,UA,"2020-07-26",64849,35807,1605
882,UA,"2020-07-27",65656,36112,1616
883,PL,"2020-07-15",38721,28492,1594
884,PL,"2020-07-16",39054,28928,1605
885,PL,"2020-07-17",39407,29505,1612
886,PL,"2020-07-18",39746,29924,1618
887,PL,"2020-07-19",40104,30292,1624
888,PL,"2020-07-20",40383,30539,1627
889,PL,"2020-07-21",40782,30771,1636
890,PL,"2020-07-22",41162,31139,1642
891,PL,"2020-07-23",41580,31541,1651
892,PL,"2020-07-24",42038,31997,1655
893,PL,"2020-07-25",42622,32419,1664
894,PL,"2020-07-26",43065,32753,1671
895,PL,"2020-07-27",43402,32856,1676
896,LT,"2020-07-15",1882,1582,79
897,LT,"2020-07-16",1902,1593,79
898,LT,"2020-07-17",1908,1595,79
899,LT,"2020-07-18",1915,1600,80
900,LT,"2020-07-19",1932,1600,80
901,LT,"2020-07-20",1947,1601,80
902,LT,"2020-07-21",1949,1601,80
903,LT,"2020-07-22",1951,1607,80
904,LT,"2020-07-23",1960,1611,80
905,LT,"2020-07-24",1986,1616,80
906,LT,"2020-07-25",2001,1616,80
907,LT,"2020-07-26",2008,1616,80
908,LT,"2020-07-27",2019,1620,80
909,LV,"2020-07-14",1174,1022,31
910,LV,"2020-07-15",1178,1022,31
911,LV,"2020-07-16",1179,1022,31
912,LV,"2020-07-17",1185,1022,31
913,LV,"2020-07-18",1189,1022,31
914,LV,"2020-07-19",1192,1022,31
915,LV,"2020-07-20",1192,1022,31
916,LV,"2020-07-21",1193,1045,31
917,LV,"2020-07-22",1194,1045,31
918,LV,"2020-07-23",1203,1045,31
919,LV,"2020-07-24",1205,1045,31
920,LV,"2020-07-25",1206,1045,31
921,LV,"2020-07-26",1219,1045,31
922,BY,"2020-07-28",67366,60669,543
923,BY,"2020-07-29",67518,61442,548
924,BY,"2020-07-30",67665,61765,553
925,BY,"2020-07-31",67808,62444,559
926,BY,"2020-08-01",67946,62686,563
927,BY,"2020-08-02",68067,62896,567
928,BY,"2020-08-03",68166,62943,571
929,RU,"2020-07-28",823515,612217,13504
930,RU,"2020-07-29",828990,620333,13673
931,RU,"2020-07-30",834499,629655,13802
932,RU,"2020-07-31",839981,638410,13963
933,RU,"2020-08-01",845443,646524,14058
934,RU,"2020-08-02",850870,650173,14128
935,RU,"2020-08-03",856264,653593,14207
936,UA,"2020-07-28",66575,36744,1629
937,UA,"2020-07-29",67597,37393,1650
938,UA,"2020-07-30",68794,38154,1673
939,UA,"2020-07-31",69884,38752,1693
940,UA,"2020-08-01",71056,39308,1709
941,UA,"2020-08-02",72168,39543,1725
942,UA,"2020-08-03",73158,39876,1738
943,PL,"2020-07-28",43904,33043,1682
944,PL,"2020-07-29",44416,33140,1694
945,PL,"2020-07-30",45031,33643,1709
946,PL,"2020-07-31",45668,33987,1716
947,PL,"2020-08-01",46346,34373,1721
948,PL,"2020-08-02",46894,34709,1731
949,PL,"2020-08-03",47469,34881,1732
950,LT,"2020-07-28",2027,1623,80
951,LT,"2020-07-29",2043,1643,80
952,LT,"2020-07-30",2062,1643,80
953,LT,"2020-07-31",2075,1644,80
954,LT,"2020-08-01",2093,1644,80
955,LT,"2020-08-02",2110,1644,80
956,LT,"2020-08-03",2120,1645,80
957,LV,"2020-07-27",1219,1045,31
958,LV,"2020-07-28",1220,1052,31
959,LV,"2020-07-29",1224,1052,31
960,LV,"2020-07-30",1228,1052,31
961,LV,"2020-07-31",1231,1052,32
962,LV,"2020-08-01",1238,1052,32
963,LV,"2020-08-02",1243,1052,32
964,LV,"2020-08-03",1246,1052,32
965,LV,"2020-08-04",1249,1070,32
966,LV,"2020-08-05",1257,1070,32
967,LV,"2020-08-06",1275,1070,32
968,LV,"2020-08-07",1281,1070,32
969,LV,"2020-08-08",1288,1070,32
970,LV,"2020-08-09",1290,1070,32
971,LT,"2020-08-04",2137,1647,80
972,LT,"2020-08-05",2147,1650,81
973,LT,"2020-08-06",2171,1656,81
974,LT,"2020-08-07",2194,1658,81
975,LT,"2020-08-08",2231,1668,81
976,LT,"2020-08-09",2252,1670,81
977,PL,"2020-08-04",48149,35056,1738
978,PL,"2020-08-05",48789,35321,1756
979,PL,"2020-08-06",49515,35642,1774
980,PL,"2020-08-07",50324,36041,1787
981,PL,"2020-08-08",51167,36403,1800
982,PL,"2020-08-09",51791,36691,1807
983,UA,"2020-08-04",74219,40613,1764
984,UA,"2020-08-05",75490,41527,1788
985,UA,"2020-08-06",76808,42524,1819
986,UA,"2020-08-07",78261,43055,1852
987,UA,"2020-08-08",79750,43655,1879
988,UA,"2020-08-09",80949,43972,1897
989,UA,"2020-08-10",81957,44359,1922
990,RU,"2020-08-04",861423,661471,14351
991,RU,"2020-08-05",866627,669026,14490
992,RU,"2020-08-06",871894,676357,14606
993,RU,"2020-08-07",877135,683592,14725
994,RU,"2020-08-08",882347,690207,14854
995,RU,"2020-08-09",887536,693422,14931
996,RU,"2020-08-10",892654,693422,15001
997,BY,"2020-08-04",68250,63163,571
998,BY,"2020-08-05",68376,63425,577
999,BY,"2020-08-06",68503,63756,580
1000,BY,"2020-08-07",68614,64200,583
1001,BY,"2020-08-08",68738,64744,585
1002,BY,"2020-08-09",68850,64935,587
1003,BY,"2020-08-10",68947,64991,589
1004,BY,"2020-08-11",69005,65219,592
1005,BY,"2020-08-12",69102,65893,595
1006,BY,"2020-08-13",69203,66178,599
1007,BY,"2020-08-14",69308,66452,603
1008,BY,"2020-08-15",69424,66747,607
1009,BY,"2020-08-16",69516,67072,610
1010,BY,"2020-08-17",69589,67149,613
1011,BY,"2020-08-18",69673,67339,617
1012,BY,"2020-08-19",69801,67647,622
1013,BY,"2020-08-20",69950,67929,627
1014,BY,"2020-08-21",70111,68256,632
1015,BY,"2020-08-22",70285,68577,637
1016,BY,"2020-08-23",70468,68839,642
1017,RU,"2020-08-11",897599,703175,15131
1018,RU,"2020-08-12",902701,710298,15260
1019,RU,"2020-08-13",907758,716396,15384
1020,RU,"2020-08-14",912822,722964,15498
1021,RU,"2020-08-15",917885,729411,15617
1022,RU,"2020-08-16",922853,732968,15685
1023,RU,"2020-08-17",927745,736101,15740
1024,RU,"2020-08-18",932493,742628,15872
1025,RU,"2020-08-19",937321,749423,15989
1026,RU,"2020-08-20",942106,755513,16099
1027,RU,"2020-08-21",946976,761330,16189
1028,RU,"2020-08-22",951897,767477,16310
1029,RU,"2020-08-23",956749,770639,16383
1030,UA,"2020-08-11",83115,44934,1951
1031,UA,"2020-08-12",84548,45686,1970
1032,UA,"2020-08-13",86140,46216,1992
1033,UA,"2020-08-14",87872,46797,2011
1034,UA,"2020-08-15",89719,47430,2044
1035,UA,"2020-08-16",91356,47822,2070
1036,UA,"2020-08-17",92820,48164,2089
1037,UA,"2020-08-18",94436,48925,2116
1038,UA,"2020-08-19",96403,49737,2144
1039,UA,"2020-08-20",98537,50441,2184
1040,UA,"2020-08-21",100643,51078,2207
1041,UA,"2020-08-22",102971,51735,2244
1042,UA,"2020-08-23",104958,52235,2271
1043,PL,"2020-08-10",52410,36877,1809
1044,PL,"2020-08-11",52961,37150,1821
1045,PL,"2020-08-12",53676,37611,1830
1046,PL,"2020-08-13",54487,37961,1844
1047,PL,"2020-08-14",55319,38362,1858
1048,PL,"2020-08-15",56090,38853,1869
1049,PL,"2020-08-16",56684,39130,1877
1050,PL,"2020-08-17",57279,39359,1885
1051,PL,"2020-08-18",57876,39643,1896
1052,PL,"2020-08-19",58611,40099,1913
1053,PL,"2020-08-20",59378,40481,1925
1054,PL,"2020-08-21",60281,41029,1938
1055,PL,"2020-08-22",61181,41661,1951
1056,PL,"2020-08-23",61762,42183,1955
1057,LV,"2020-08-10",1290,1070,32
1058,LV,"2020-08-11",1293,1078,32
1059,LV,"2020-08-12",1303,1078,32
1060,LV,"2020-08-13",1307,1078,32
1061,LV,"2020-08-14",1308,1078,32
1062,LV,"2020-08-15",1315,1078,32
1063,LV,"2020-08-16",1322,1078,32
1064,LV,"2020-08-17",1323,1078,32
1065,LV,"2020-08-18",1323,1093,33
1066,LV,"2020-08-19",1326,1093,33
1067,LV,"2020-08-20",1327,1093,33
1068,LV,"2020-08-21",1330,1093,33
1069,LV,"2020-08-22",1333,1093,33
1070,LV,"2020-08-23",1337,1093,33
1071,LT,"2020-08-10",2265,1670,81
1072,LT,"2020-08-11",2283,1679,81
1073,LT,"2020-08-12",2309,1683,81
1074,LT,"2020-08-13",2330,1689,81
1075,LT,"2020-08-14",2352,1691,81
1076,LT,"2020-08-15",2386,1704,81
1077,LT,"2020-08-16",2416,1704,81
1078,LT,"2020-08-17",2436,1705,81
1079,LT,"2020-08-18",2474,1733,81
1080,LT,"2020-08-19",2496,1739,81
1081,LT,"2020-08-20",2528,1747,82
1082,LT,"2020-08-21",2564,1755,83
1083,LT,"2020-08-22",2594,1766,84
1084,LT,"2020-08-23",2635,1766,84
1085,LT,"2020-08-24",2673,1766,85
1086,LT,"2020-08-25",2694,1785,85
1087,LT,"2020-08-26",2726,1794,85
1088,LT,"2020-08-27",2862,1802,85
1089,LT,"2020-08-28",2810,1816,86
1090,LT,"2020-08-29",2839,1832,86
1091,LT,"2020-08-30",2874,1837,86
1092,LT,"2020-08-31",2906,1840,86
1093,LV,"2020-08-24",1337,1093,33
1094,LV,"2020-08-25",1342,1135,33
1095,LV,"2020-08-26",1360,1163,33
1096,LV,"2020-08-27",1366,1163,34
1097,LV,"2020-08-28",1375,1163,34
1098,LV,"2020-08-29",1381,1163,34
1099,LV,"2020-08-30",1393,1163,34
1100,LV,"2020-08-31",1396,1163,34
1101,PL,"2020-08-24",62310,42448,1960
1102,PL,"2020-08-25",63073,42784,1977
1103,PL,"2020-08-26",63802,43399,1994
1104,PL,"2020-08-27",64689,44097,2010
1105,PL,"2020-08-28",65480,44785,2018
1106,PL,"2020-08-29",66239,45536,2032
1107,PL,"2020-08-30",66870,46192,2033
1108,PL,"2020-08-31",67372,46638,2039
1109,UA,"2020-08-24",106757,52524,2293
1110,UA,"2020-08-25",108415,52870,2318
1111,UA,"2020-08-26",110085,53454,2354
1112,UA,"2020-08-27",112059,54217,2403
1113,UA,"2020-08-28",114497,55083,2451
1114,UA,"2020-08-29",116978,56138,2492
1115,UA,"2020-08-30",119074,56734,2527
1116,UA,"2020-08-31",121215,57114,2557
1117,RU,"2020-08-24",961493,773095,16448
1118,RU,"2020-08-25",966189,779747,16568
1119,RU,"2020-08-26",970865,786150,16683
1120,RU,"2020-08-27",975576,792561,16804
1121,RU,"2020-08-28",980405,798466,16914
1122,RU,"2020-08-29",985346,804383,17025
1123,RU,"2020-08-30",990326,806982,17093
1124,RU,"2020-08-31",995319,809387,17176
1125,BY,"2020-08-24",70645,68925,646
1126,BY,"2020-08-25",70727,69097,652
1127,BY,"2020-08-26",70974,69378,657
1128,BY,"2020-08-27",71165,69650,662
1129,BY,"2020-08-28",71346,69887,667
1130,BY,"2020-08-29",71523,70207,671
1131,BY,"2020-08-30",71687,70452,676
1132,BY,"2020-08-31",71843,70468,681
1133,BY,"2020-09-01",71962,70606,686
1134,BY,"2020-09-02",72141,70900,691
1135,BY,"2020-09-03",72302,71205,696
1136,BY,"2020-09-04",72485,71510,701
1137,BY,"2020-09-05",72663,71843,705
1138,BY,"2020-09-06",72859,71864,711
1139,BY,"2020-09-07",73031,71883,716
1140,BY,"2020-09-08",73208,71916,721
1141,BY,"2020-09-09",73402,71999,726
1142,BY,"2020-09-10",73591,72203,731
1143,BY,"2020-09-11",73784,72369,738
1144,BY,"2020-09-12",73975,72547,744
1145,BY,"2020-09-13",74173,72584,750
1146,BY,"2020-09-14",74360,72609,756
1147,RU,"2020-09-01",1000048,815705,17299
1148,RU,"2020-09-02",1005000,821169,17414
1149,RU,"2020-09-03",1009995,826935,17528
1150,RU,"2020-09-04",1015105,832747,17649
1151,RU,"2020-09-05",1020310,838126,17759
1152,RU,"2020-09-06",1025505,840949,17820
1153,RU,"2020-09-07",1030690,843277,17871
1154,RU,"2020-09-08",1035789,850049,17993
1155,RU,"2020-09-09",1041007,856458,18135
1156,RU,"2020-09-10",1046370,862373,18263
1157,RU,"2020-09-11",1051874,864107,18365
1158,RU,"2020-09-12",1057362,873535,18484
1159,RU,"2020-09-13",1062811,876225,18578
1160,RU,"2020-09-14",1068320,878770,18635
1161,UA,"2020-09-01",123303,57802,2605
1162,UA,"2020-09-02",125798,58817,2656
1163,UA,"2020-09-03",128228,59676,2710
1164,UA,"2020-09-04",130951,60613,2761
1165,UA,"2020-09-05",133787,61649,2811
1166,UA,"2020-09-06",135894,62227,2846
1167,UA,"2020-09-07",138068,62606,2877
1168,UA,"2020-09-08",140479,63546,2934
1169,UA,"2020-09-09",143030,64703,2979
1170,UA,"2020-09-10",145612,65877,3023
1171,UA,"2020-09-11",148756,67005,3086
1172,UA,"2020-09-12",151859,68346,3148
1173,UA,"2020-09-13",154335,68893,3178
1174,UA,"2020-09-14",156797,69543,3211
1175,PL,"2020-09-01",67922,47030,2058
1176,PL,"2020-09-02",68517,47865,2078
1177,PL,"2020-09-03",69129,48593,2092
1178,PL,"2020-09-04",69820,49820,2100
1179,PL,"2020-09-05",70387,52346,2113
1180,PL,"2020-09-06",70824,54256,2120
1181,PL,"2020-09-07",71126,55113,2124
1182,PL,"2020-09-08",71526,55910,2136
1183,PL,"2020-09-09",71947,57135,2147
1184,PL,"2020-09-10",72453,58069,2159
1185,PL,"2020-09-11",73047,58848,2169
1186,PL,"2020-09-12",73650,59725,2182
1187,PL,"2020-09-13",74152,60659,2188
1188,PL,"2020-09-14",74529,61097,2203
1189,LV,"2020-09-01",1404,1173,34
1190,LV,"2020-09-02",1406,1173,34
1191,LV,"2020-09-03",1410,1187,34
1192,LV,"2020-09-04",1416,1187,34
1193,LV,"2020-09-05",1425,1187,35
1194,LV,"2020-09-06",1428,1187,35
1195,LV,"2020-09-07",1429,1187,35
1196,LV,"2020-09-08",1432,1187,35
1197,LV,"2020-09-09",1443,1234,35
1198,LV,"2020-09-10",1448,1248,35
1199,LV,"2020-09-11",1459,1248,35
1200,LV,"2020-09-12",1464,1248,35
1201,LV,"2020-09-13",1474,1248,35
1202,LV,"2020-09-14",1477,1248,35
1203,LT,"2020-09-01",2929,1857,86
1204,LT,"2020-09-02",2958,1874,86
1205,LT,"2020-09-03",2978,1901,86
1206,LT,"2020-09-04",3004,1920,86
1207,LT,"2020-09-05",3040,1952,86
1208,LT,"2020-09-06",3083,1954,86
1209,LT,"2020-09-07",3100,1955,86
1210,LT,"2020-09-08",3131,1994,86
1211,LT,"2020-09-09",3163,2008,86
1212,LT,"2020-09-10",3199,2030,86
1213,LT,"2020-09-11",3243,2049,86
1214,LT,"2020-09-12",3296,2070,86
1215,LT,"2020-09-13",3335,2070,87
1216,LT,"2020-09-14",3386,2071,87